{"listId":[],"isDSImport":"true","dataSetDefs":[{"fileName":"中台HIVE任务近一个月连接数.csv","displayName":"样本数据","queryAPI":false,"dataSetInfoes":[{"creator":true,"createdDate":1618401308000,"lastModifiedDate":1618401308000,"displayName":"样本数据","lastModifiedById":"1f43573c5aeb416d9b806d1d97e89f65","dataSetDef":{"$ref":"$.dataSetDefs[0]"},"collection":false,"id":"vbape5d8ac72d42c4c62c9d65491","projectId":"a792fb329eb343418b00cd71e949f6cd","createdById":"1f43573c5aeb416d9b806d1d97e89f65","tenant":"1","tags":[]}],"dataFilterConditions":[],"memo":"","fieldDefs":[{"ord":1,"code":"c_61137","visible":true,"originalType":12,"fieldMeaning":"String","cascade":false,"displayName":"节点","dataSetDef":{"$ref":"$.dataSetDefs[0]"},"originalTypeName":"String","exprHasAggr":false,"dimEnabled":false,"typeClassName":"java.lang.String","originalTypeNameDesc":"文本","name":"c_61137","id":"vbap5f7be7de0e59a46e8172b195","toFieldMeanings":"String,Text","category":"样本数据","fieldType":"DIMENSION","projectId":"1","tenant":"1","primaryKey":false},{"ord":2,"code":"c_11233","visible":true,"originalType":12,"fieldMeaning":"Integer","cascade":false,"displayName":"连接数","dataSetDef":{"$ref":"$.dataSetDefs[0]"},"originalTypeName":"BigInteger","exprHasAggr":false,"dimEnabled":false,"typeClassName":"java.math.BigInteger","originalTypeNameDesc":"整数","name":"c_11233","id":"vbapd4b052d083562da2023d0898","toFieldMeanings":"Integer,Decimal,String,Text","category":"样本数据","fieldType":"MEASURE","projectId":"1","tenant":"1","primaryKey":false},{"ord":3,"code":"c_33926","visible":true,"originalType":12,"fieldMeaning":"Date","cascade":false,"displayName":"更新时间","dataSetDef":{"$ref":"$.dataSetDefs[0]"},"originalTypeName":"Date","exprHasAggr":false,"dimEnabled":false,"typeClassName":"java.util.Date","originalTypeNameDesc":"日期","name":"c_33926","id":"vbap349a7b648dbc87aac269c6e0","toFieldMeanings":"Date,String,Text","category":"样本数据","fieldType":"DIMENSION","projectId":"1","tenant":"1","primaryKey":false}],"joinRelations":[],"enabled":true,"metricWarehouse":false,"historyDatas":[],"relate":false,"paramDefs":[],"fileLenth":8928,"headerRowNosArray":[1],"lastModifiedById":"1f43573c5aeb416d9b806d1d97e89f65","headerRowNos":"1","changeDisplayName":false,"id":"vbap0ff97e8f21f96913df8a4021","createdById":"1f43573c5aeb416d9b806d1d97e89f65","tenant":"1","normal":false,"fieldsRootDirectories":[],"lastModifiedDate":1618401310000,"syncDestination":{"id":"4172a75a-9d18-11eb-9a4c-fa163e37f3a8","hdfsPath":"/a792fb329eb343418b00cd71e949f6cd/dataSet/vbap0ff97e8f21f96913df8a4021/data","projectId":"1","tenant":"1"},"directoryAuthorities":[],"registedMetricWarehouse":false,"collection":false,"etltypeLogs":[],"csvVersion":1,"tags":[],"createdDate":1618401308000,"queryDefs":[{"dataSetDef":{"$ref":"$.dataSetDefs[0]"},"tmpId":"vbap0f240d673bf3b8cf9c9b654d","name":"table","relationshipFields":[],"id":"vbap0f240d673bf3b8cf9c9b654d","projectId":"1","tenant":"1","sql":"SELECT * FROM table","tableName":"vbap0ff97e8f21f96913df8a4021"}],"uploadDate":1618401309000,"dataSetType":"IMPORTED_FILE","fileSize":190.44,"createPK":false,"startRowNo":0,"projectId":"a792fb329eb343418b00cd71e949f6cd","syncStatus":2,"importedFile":true,"outDb":false},{"displayName":"异常临界值","queryAPI":false,"dataSetInfoes":[{"creator":true,"createdDate":1618401381000,"lastModifiedDate":1618401381000,"displayName":"异常临界值","lastModifiedById":"1f43573c5aeb416d9b806d1d97e89f65","dataSetDef":{"$ref":"$.dataSetDefs[1]"},"collection":false,"id":"vbap8bc9789e7c1325d256142b9a","projectId":"a792fb329eb343418b00cd71e949f6cd","createdById":"1f43573c5aeb416d9b806d1d97e89f65","tenant":"1","tags":[]}],"dataFilterConditions":[],"fieldDefs":[{"ord":0,"code":"c_61137","visible":true,"originalType":12,"fieldMeaning":"String","cascade":false,"displayName":"节点","dataSetDef":{"$ref":"$.dataSetDefs[1]"},"queryDef":{"dataSetDef":{"$ref":"$.dataSetDefs[1]"},"tmpId":"vbap17c3ea22da3180e1b6cd1e50","name":"table","relationshipFields":[],"id":"vbap17c3ea22da3180e1b6cd1e50","projectId":"1","tenant":"1","sql":"SELECT * FROM table","tableName":"vbap70f01f4d8b5dc95c22256cb9"},"originalTypeName":"String","exprHasAggr":false,"childFieldDefs":[],"dimEnabled":false,"typeClassName":"java.lang.String","originalTypeNameDesc":"文本","name":"c_61137","queryDefActualId":"vbap17c3ea22da3180e1b6cd1e50","id":"vbapadf01786072be26d71783916","toFieldMeanings":"String","category":"异常临界值","fieldType":"DIMENSION","projectId":"1","tenant":"1","primaryKey":false},{"ord":1,"code":"column_1","visible":true,"originalType":12,"fieldMeaning":"BigInteger","cascade":false,"displayName":"是否工作日","dataSetDef":{"$ref":"$.dataSetDefs[1]"},"queryDef":{"$ref":"$.dataSetDefs[1].fieldDefs[0].queryDef"},"originalTypeName":"BigInteger","exprHasAggr":false,"childFieldDefs":[],"dimEnabled":false,"typeClassName":"java.math.BigInteger","originalTypeNameDesc":"整数","name":"column_1","queryDefActualId":"vbap17c3ea22da3180e1b6cd1e50","id":"vbap1fb06cee4ce5850854e84092","toFieldMeanings":"BigInteger","category":"异常临界值","fieldType":"MEASURE","projectId":"1","tenant":"1","primaryKey":false},{"ord":2,"code":"column_2","visible":true,"originalType":12,"fieldMeaning":"BigInteger","cascade":false,"displayName":"时间段","dataSetDef":{"$ref":"$.dataSetDefs[1]"},"queryDef":{"$ref":"$.dataSetDefs[1].fieldDefs[0].queryDef"},"originalTypeName":"BigInteger","exprHasAggr":false,"childFieldDefs":[],"dimEnabled":false,"typeClassName":"java.math.BigInteger","originalTypeNameDesc":"整数","name":"column_2","queryDefActualId":"vbap17c3ea22da3180e1b6cd1e50","id":"vbape9f95da2c02f560a30f03b3e","toFieldMeanings":"BigInteger","category":"异常临界值","fieldType":"MEASURE","projectId":"1","tenant":"1","primaryKey":false},{"ord":3,"code":"column_3","visible":true,"originalType":12,"fieldMeaning":"BigDecimal","cascade":false,"displayName":"异常临界值","dataSetDef":{"$ref":"$.dataSetDefs[1]"},"queryDef":{"$ref":"$.dataSetDefs[1].fieldDefs[0].queryDef"},"originalTypeName":"BigDecimal","exprHasAggr":false,"childFieldDefs":[],"dimEnabled":false,"typeClassName":"java.math.BigDecimal","originalTypeNameDesc":"小数","name":"column_3","queryDefActualId":"vbap17c3ea22da3180e1b6cd1e50","id":"vbapdd4f548c7f1d24d43e1d0e8c","toFieldMeanings":"BigDecimal","category":"异常临界值","fieldType":"MEASURE","projectId":"1","tenant":"1","primaryKey":false},{"ord":4,"code":"column_4","visible":true,"originalType":12,"fieldMeaning":"Date","cascade":false,"displayName":"计算时间","dataSetDef":{"$ref":"$.dataSetDefs[1]"},"queryDef":{"$ref":"$.dataSetDefs[1].fieldDefs[0].queryDef"},"originalTypeName":"Date","exprHasAggr":false,"childFieldDefs":[],"dimEnabled":false,"typeClassName":"java.util.Date","originalTypeNameDesc":"日期","name":"column_4","queryDefActualId":"vbap17c3ea22da3180e1b6cd1e50","id":"vbap90733fc77a3d4047e0dde0d7","toFieldMeanings":"Date","category":"异常临界值","fieldType":"DIMENSION","projectId":"1","tenant":"1","primaryKey":false}],"joinRelations":[],"enabled":true,"metricWarehouse":false,"historyDatas":[],"relate":false,"paramDefs":[],"fileLenth":48,"headerRowNosArray":[],"lastModifiedById":"1f43573c5aeb416d9b806d1d97e89f65","changeDisplayName":false,"id":"vbap70f01f4d8b5dc95c22256cb9","createdById":"1f43573c5aeb416d9b806d1d97e89f65","tenant":"1","normal":false,"fieldsRootDirectories":[],"lastModifiedDate":1618401832000,"syncDestination":{"id":"c35788e6-9d18-11eb-9a4c-fa163e37f3a8","hdfsPath":"/a792fb329eb343418b00cd71e949f6cd/dataSet/vbap70f01f4d8b5dc95c22256cb9/data/vbap70f01f4d8b5dc95c22256cb9_0.csv","projectId":"1","tenant":"1"},"directoryAuthorities":[],"registedMetricWarehouse":false,"collection":false,"etltypeLogs":[],"csvVersion":6,"tags":[],"createdDate":1618401381000,"queryDefs":[{"$ref":"$.dataSetDefs[1].fieldDefs[0].queryDef"}],"uploadDate":1618401832000,"dataSetType":"OPERATOR","fileSize":2.57,"createPK":false,"startRowNo":0,"projectId":"a792fb329eb343418b00cd71e949f6cd","syncStatus":2,"importedFile":false,"outDb":false}],"mapSourceDef":{},"results":[]}