{"node":[{"deleted":0,"icon":"10005","nodeDataSetPath":"/a792fb329eb343418b00cd71e949f6cd/dataSet/vbap70f01f4d8b5dc95c22256cb9","nodeDataSetPathPre":"/a792fb329eb343418b00cd71e949f6cd/dataSet/vbap70f01f4d8b5dc95c22256cb9/preview","nodeId":"node-7a16df53775141f3a2d880f70cc719b3","nodeName":"异常临界值","nodeStatus":"1","nodeSubdivideType":"OPERATOR","nodeType":0,"nodeTypeId":"vbap70f01f4d8b5dc95c22256cb9","originalState":"1","parent":"node-d920ffd9eb3c49c98b4070001b2bc752"},{"child":"node-7a16df53775141f3a2d880f70cc719b3","deleted":0,"icon":"35","nodeId":"node-d920ffd9eb3c49c98b4070001b2bc752","nodeName":"notebook","nodeStatus":"1","nodeType":1,"nodeTypeId":"24","parent":"node-e27104b13bb04f84bb85a9c36c5bcc28"},{"child":"node-d920ffd9eb3c49c98b4070001b2bc752","deleted":0,"icon":"10005","nodeDataSetPath":"/a792fb329eb343418b00cd71e949f6cd/dataSet/vbap0ff97e8f21f96913df8a4021","nodeDescribe":"","nodeId":"node-e27104b13bb04f84bb85a9c36c5bcc28","nodeName":"样本数据","nodeStatus":"1","nodeSubdivideType":"IMPORTED_FILE","nodeType":0,"nodeTypeId":"vbap0ff97e8f21f96913df8a4021"}],"seniorParams":[{"id":31401,"nodeId":"node-d920ffd9eb3c49c98b4070001b2bc752","paramExample":"{\"image\":{\"imageId\":1,\"service_desc\":\"dssnotebook_cpu\",\"service_image_version\":\"v4.6.3_0.6.0\",\"url_path\":\"dssnotebook-cpu\",\"service_image_addr\":\"harbor.stress.com:8443/library/dss-notebook:v4.6.3_0.6.0\",\"id\":1,\"image_id\":\"6\",\"service_type\":\"cpu\",\"cmd\":\"cp /.jupyter/config_pkg.py /opt/anaconda3/lib/python3.6/site-packages/ && cat /.jupyter/hosts >> /etc/hosts && source /etc/profile && source ${HADOOP_HOME}/libexec/hadoop-config.sh && source /etc/profile && cd /var/www/html && python3\",\"service_image_build_date\":1615525469000,\"is_default\":\"1\",\"service_image_desc\":\"dssnotebook(cpu)\"},\"resourceTemplate\":{\"cpu\":2.0,\"id\":1,\"imageId\":1,\"memory\":1},\"kernal\":{\"imageId\":\"1\",\"env_id\":\"1\",\"kernel_name\":\"Python 3\",\"language\":\"python\",\"id\":1},\"example\":1}"}],"nullProcessRef":[],"nodeParamsExtend":[],"runJson":[],"nodeParams":[],"flow":[{"consistencyCheckStatus":"0","id":5800,"open":0,"proId":"a792fb329eb343418b00cd71e949f6cd"}]}