{"exportData":{"operatorData":[{"kernelId":"1","instance":"1","isModel":1,"description":"custom notebook operator","active":1,"envId":"1","lastModifyId":"1f43573c5aeb416d9b806d1d97e89f65","path":"/a792fb329eb343418b00cd71e949f6cd/users/1f43573c5aeb416d9b806d1d97e89f65/flows/5800/node-d920ffd9eb3c49c98b4070001b2bc752/node-d920ffd9eb3c49c98b4070001b2bc752","deleted":0,"createTime":1618401378000,"hardwareId":"1","createId":"1f43573c5aeb416d9b806d1d97e89f65","lastModifyTime":1618401860000,"name":"notebook","typeId":"24","id":"node-d920ffd9eb3c49c98b4070001b2bc752","projectId":"a792fb329eb343418b00cd71e949f6cd","flowId":"5800","executeTime":0}],"modelReportData":[],"dataSet":[],"reportStatusData":[]}}