{"dataSetId":"configuration","fieldDefs":[{"typeClassName":"java.math.BigInteger","ord":"0","code":"row_size_trainingData","sparkType":"bigint","displayName":"row_size_trainingData","name":"row_size_trainingData"},{"typeClassName":"java.math.BigInteger","ord":"1","code":"row_size_testData","sparkType":"bigint","displayName":"row_size_testData","name":"row_size_testData"},{"typeClassName":"java.lang.String","ord":"2","code":"time_trains","sparkType":"string","displayName":"time_trains","name":"time_trains"}],"previewFlag":"false"}
