{"displayName":"样本数据","fieldDefs":[{"code":"c_61137","name":"c_61137","displayName":"节点","ord":1,"originalType":12,"originalTypeName":"String","typeClassName":"java.lang.String","fieldType":"DIMENSION","exprHasAggr":false,"dimEnabled":false,"cascade":false,"filedMeaning":"String","toFieldMeaning":["String","Text"]},{"code":"c_11233","name":"c_11233","displayName":"连接数","ord":2,"originalType":12,"originalTypeName":"BigInteger","typeClassName":"java.math.BigInteger","fieldType":"MEASURE","exprHasAggr":false,"dimEnabled":false,"cascade":false,"filedMeaning":"Integer","toFieldMeaning":["Integer","Decimal","String","Text"]},{"code":"c_33926","name":"c_33926","displayName":"更新时间","ord":3,"originalType":12,"originalTypeName":"Date","typeClassName":"java.util.Date","fieldType":"DIMENSION","exprHasAggr":false,"dimEnabled":false,"cascade":false,"filedMeaning":"Date","toFieldMeaning":["Date","String","Text"]}]}