{"dataSetId":"abstract","fieldDefs":[{"typeClassName":"java.lang.String","ord":"0","code":"Backend","sparkType":"string","displayName":"Backend","name":"Backend"},{"typeClassName":"java.lang.String","ord":"1","code":"algorithms","sparkType":"string","displayName":"algorithms","name":"algorithms"},{"typeClassName":"java.lang.String","ord":"2","code":"time","sparkType":"string","displayName":"time","name":"time"},{"typeClassName":"java.math.BigInteger","ord":"3","code":"column","sparkType":"bigint","displayName":"column","name":"column"},{"typeClassName":"java.math.BigInteger","ord":"4","code":"row","sparkType":"bigint","displayName":"row","name":"row"},{"typeClassName":"java.lang.String","ord":"5","code":"fitting_method","sparkType":"string","displayName":"fitting_method","name":"fitting_method"}],"previewFlag":"false"}
