{"dataSetId":"general","fieldDefs":[{"typeClassName":"java.math.BigDecimal","ord":"0","code":"accuracy","sparkType":"double","displayName":"accuracy","name":"accuracy"},{"typeClassName":"java.math.BigDecimal","ord":"1","code":"areaUnderPR","sparkType":"double","displayName":"areaUnderPR","name":"areaUnderPR"},{"typeClassName":"java.math.BigDecimal","ord":"2","code":"areaUnderROC","sparkType":"double","displayName":"areaUnderROC","name":"areaUnderROC"},{"typeClassName":"java.math.BigDecimal","ord":"3","code":"fMeasure","sparkType":"double","displayName":"fMeasure","name":"fMeasure"},{"typeClassName":"java.math.BigDecimal","ord":"4","code":"falsePositiveRate","sparkType":"double","displayName":"falsePositiveRate","name":"falsePositiveRate"},{"typeClassName":"java.math.BigDecimal","ord":"5","code":"precision","sparkType":"double","displayName":"precision","name":"precision"},{"typeClassName":"java.math.BigDecimal","ord":"6","code":"recall","sparkType":"double","displayName":"recall","name":"recall"},{"typeClassName":"java.math.BigDecimal","ord":"7","code":"truePositiveRate","sparkType":"double","displayName":"truePositiveRate","name":"truePositiveRate"}],"previewFlag":"false"}
