{"displayName":"异常临界值","fieldDefs":[{"code":"c_61137","name":"c_61137","displayName":"节点","ord":0,"originalType":12,"originalTypeName":"String","typeClassName":"java.lang.String","fieldType":"DIMENSION","exprHasAggr":false,"dimEnabled":false,"cascade":false,"filedMeaning":"String","toFieldMeaning":["String"]},{"code":"column_1","name":"column_1","displayName":"是否工作日","ord":1,"originalType":12,"originalTypeName":"BigInteger","typeClassName":"java.math.BigInteger","fieldType":"MEASURE","exprHasAggr":false,"dimEnabled":false,"cascade":false,"filedMeaning":"BigInteger","toFieldMeaning":["BigInteger"]},{"code":"column_2","name":"column_2","displayName":"时间段","ord":2,"originalType":12,"originalTypeName":"BigInteger","typeClassName":"java.math.BigInteger","fieldType":"MEASURE","exprHasAggr":false,"dimEnabled":false,"cascade":false,"filedMeaning":"BigInteger","toFieldMeaning":["BigInteger"]},{"code":"column_3","name":"column_3","displayName":"异常临界值","ord":3,"originalType":12,"originalTypeName":"BigDecimal","typeClassName":"java.math.BigDecimal","fieldType":"MEASURE","exprHasAggr":false,"dimEnabled":false,"cascade":false,"filedMeaning":"BigDecimal","toFieldMeaning":["BigDecimal"]},{"code":"column_4","name":"column_4","displayName":"计算时间","ord":4,"originalType":12,"originalTypeName":"Date","typeClassName":"java.util.Date","fieldType":"DIMENSION","exprHasAggr":false,"dimEnabled":false,"cascade":false,"filedMeaning":"Date","toFieldMeaning":["Date"]}]}